"exorcism",
"fromboyhoodtofatherhood",
"sloth",
"stagefright",
"tildeath",
"adollshouse",
"adventuresinsayingyes",
"buck",
"haveyoumethimyet",
"inamoment",
"theclosetthatateeverything",
"eyespy",
"hangtime",
"itsabox",
"swimmingwithastronauts",
"thatthingonmyarm",
"breakingupintheageofgoogle",
"onlyonewaytofindout",
"penpal",
"shoppinginchina",
"treasureisland",
"backsideofthestorm",
"goingthelibertyway",
"kiksuya",
"sweetaspie",
"thepostmanalwayscalls",
"thetiniestbouquet",
"becomingindian",
"lifeanddeathontheoregontrail",
"thefreedomridersandme",
"thumbsup",
"waitingtogo",
"catfishingstrangerstofindmyself",
"christmas1940",
"gpsformylostidentity",
"singlewomanseekingmanwich",
"superheroesjustforeachother",
"whenmothersbullyback",
"againstthewind",
"bluehope",
"forgettingfear",
"ifthishaircouldtalk",
"lifereimagined",
"stumblinginthedark",
"cocoonoflove",
"comingofageondeathrow",
"goldiethegoldfish",
"leavingbaghdad",
"quietfire",
"alternateithicatom",
"avatar",
"howtodraw",
"legacy",
"life",
"myfirstdaywiththeyankees",
"naked",
"odetostepfather",
"souls",
"undertheinfluence",
"afatherscover",
"food",
"mybackseatviewofagreatromance",
"notontheusualtour",
"reachingoutbetweenthebars",
"wildwomenanddancingqueens",
"beneaththemushroomcloud",
"gangstersandcookies",
"golfclubbing",
"metsmagic",
"threemonths",
"vixenandtheussr",
"birthofanation",
"firetestforlove",
"listo",
"myfathershands",
"theadvancedbeginner",
"theshower",           
"cautioneating",
"jugglingandjesus",
"mayorofthefreaks",
"thecurse",
"theinterview",
"thetriangleshirtwaistconnection"